Bottle Size,Label Cost
60cc,0.038351
200cc,0.07679
8oz,0.06367
10oz labels,0.12415
10oz sleeves,0.22
16oz,0.1106
19oz,0.08517
25oz,0.229
32oz,0.16634
2.5lb,0.785
5lb,0.72
150cc,0.294