Bottle Size,Label Cost,created_by
60cc,0.038351,1
200cc,0.07679,1
8oz,0.06367,1
10oz labels,0.12415,1
10oz sleeves,0.22,1
16oz,0.1106,1
19oz,0.08517,1
25oz,0.229,1
32oz,0.16634,1
2.5lb,0.785,1
5lb,0.72,1
150cc,0.294,1
